trial_id,mode,axis,command,actual_mean,signed_error_actual_minus_cmd,abs_error,completed,termination_reason
T0001,stand,vx,0.000000,0.022042,0.022042,0.022042,1,completed
T0001,stand,vy,0.000000,0.016414,0.016414,0.016414,1,completed
T0001,stand,yaw,0.000000,-0.004694,-0.004694,0.004694,1,completed
T0002,vx,vx,-0.500000,-0.390154,0.109846,0.109846,1,completed
T0003,vx,vx,-0.250000,-0.150474,0.099526,0.099526,1,completed
T0004,vx,vx,0.100000,0.055995,-0.044005,0.044005,1,completed
T0005,vx,vx,0.400000,0.421333,0.021333,0.021333,1,completed
T0006,vx,vx,0.900000,0.453125,-0.446875,0.446875,0,excessive_box_tilt
T0007,vx,vx,1.200000,1.098442,-0.101558,0.101558,1,completed
T0008,vy,vy,-0.400000,-0.342727,0.057273,0.057273,1,completed
T0009,vy,vy,-0.200000,-0.098753,0.101247,0.101247,1,completed
T0010,vy,vy,-0.100000,-0.050748,0.049252,0.049252,1,completed
T0011,vy,vy,0.100000,0.040146,-0.059854,0.059854,1,completed
T0012,vy,vy,0.200000,0.107137,-0.092863,0.092863,1,completed
T0013,vy,vy,0.400000,0.321231,-0.078769,0.078769,1,completed
T0014,yaw,yaw,-0.500000,-0.549312,-0.049312,0.049312,1,completed
T0015,yaw,yaw,-0.250000,-0.183658,0.066342,0.066342,1,completed
T0016,yaw,yaw,-0.100000,-0.336627,-0.236627,0.236627,0,excessive_box_tilt
T0017,yaw,yaw,0.100000,0.074139,-0.025861,0.025861,1,completed
T0018,yaw,yaw,0.250000,0.128075,-0.121925,0.121925,1,completed
T0019,yaw,yaw,0.500000,0.465447,-0.034553,0.034553,1,completed
T0020,mixed,vx,-0.400000,-0.134810,0.265190,0.265190,0,excessive_box_tilt
T0020,mixed,vy,-0.320000,-0.192854,0.127146,0.127146,0,excessive_box_tilt
T0020,mixed,yaw,-0.400000,-0.386181,0.013819,0.013819,0,excessive_box_tilt
T0021,mixed,vx,-0.400000,-0.332226,0.067774,0.067774,1,completed
T0021,mixed,vy,-0.320000,-0.245354,0.074646,0.074646,1,completed
T0021,mixed,yaw,0.400000,0.329539,-0.070461,0.070461,1,completed
T0022,mixed,vx,-0.400000,-0.372215,0.027785,0.027785,1,completed
T0022,mixed,vy,0.320000,0.358668,0.038668,0.038668,1,completed
T0022,mixed,yaw,-0.400000,-0.415438,-0.015438,0.015438,1,completed
T0023,mixed,vx,-0.400000,-0.244314,0.155686,0.155686,1,completed
T0023,mixed,vy,0.320000,0.378035,0.058035,0.058035,1,completed
T0023,mixed,yaw,0.400000,0.289376,-0.110624,0.110624,1,completed
T0024,mixed,vx,0.960000,0.440860,-0.519140,0.519140,0,excessive_box_tilt
T0024,mixed,vy,-0.320000,-0.192259,0.127741,0.127741,0,excessive_box_tilt
T0024,mixed,yaw,-0.400000,-1.371416,-0.971416,0.971416,0,excessive_box_tilt
T0025,mixed,vx,0.960000,0.360071,-0.599929,0.599929,0,excessive_box_tilt
T0025,mixed,vy,-0.320000,-0.055743,0.264257,0.264257,0,excessive_box_tilt
T0025,mixed,yaw,0.400000,-0.715233,-1.115233,1.115233,0,excessive_box_tilt
T0026,mixed,vx,0.960000,0.824888,-0.135112,0.135112,1,completed
T0026,mixed,vy,0.320000,0.452083,0.132083,0.132083,1,completed
T0026,mixed,yaw,-0.400000,-0.557093,-0.157093,0.157093,1,completed
T0027,mixed,vx,0.960000,0.423798,-0.536202,0.536202,0,excessive_box_tilt
T0027,mixed,vy,0.320000,0.015570,-0.304430,0.304430,0,excessive_box_tilt
T0027,mixed,yaw,0.400000,-0.558631,-0.958631,0.958631,0,excessive_box_tilt
T0028,mixed,vx,0.280000,0.251416,-0.028584,0.028584,0,excessive_box_tilt
T0028,mixed,vy,-0.106667,-0.210310,-0.103643,0.103643,0,excessive_box_tilt
T0028,mixed,yaw,-0.240000,-0.438702,-0.198702,0.198702,0,excessive_box_tilt
T0029,mixed,vx,-0.060000,-0.005628,0.054372,0.054372,1,completed
T0029,mixed,vy,0.106667,0.079020,-0.027647,0.027647,1,completed
T0029,mixed,yaw,-0.080000,-0.036754,0.043246,0.043246,1,completed
T0030,mixed,vx,0.620000,0.648609,0.028609,0.028609,1,completed
T0030,mixed,vy,-0.248889,-0.129573,0.119316,0.119316,1,completed
T0030,mixed,yaw,0.080000,0.150310,0.070310,0.070310,1,completed
T0031,mixed,vx,-0.230000,-0.173676,0.056324,0.056324,1,completed
T0031,mixed,vy,-0.035556,-0.014673,0.020882,0.020882,1,completed
T0031,mixed,yaw,0.240000,0.285214,0.045214,0.045214,1,completed
T0032,mixed,vx,0.450000,0.455081,0.005081,0.005081,1,completed
T0032,mixed,vy,0.177778,0.148688,-0.029090,0.029090,1,completed
T0032,mixed,yaw,-0.368000,-0.431025,-0.063025,0.063025,1,completed
T0033,mixed,vx,0.110000,0.078237,-0.031763,0.031763,1,completed
T0033,mixed,vy,-0.177778,-0.138770,0.039008,0.039008,1,completed
T0033,mixed,yaw,-0.208000,-0.184418,0.023582,0.023582,1,completed
T0034,mixed,vx,0.790000,0.486723,-0.303277,0.303277,0,excessive_box_tilt
T0034,mixed,vy,0.035556,-0.075303,-0.110859,0.110859,0,excessive_box_tilt
T0034,mixed,yaw,-0.048000,-0.685243,-0.637243,0.637243,0,excessive_box_tilt
T0035,mixed,vx,-0.315000,-0.228270,0.086730,0.086730,1,completed
T0035,mixed,vy,0.248889,0.266171,0.017282,0.017282,1,completed
T0035,mixed,yaw,0.112000,0.069153,-0.042847,0.042847,1,completed
T0036,mixed,vx,0.365000,0.391776,0.026776,0.026776,1,completed
T0036,mixed,vy,-0.296296,-0.209839,0.086457,0.086457,1,completed
T0036,mixed,yaw,0.272000,0.293302,0.021302,0.021302,1,completed
T0037,mixed,vx,0.025000,0.025230,0.000230,0.000230,1,completed
T0037,mixed,vy,-0.082963,-0.038558,0.044405,0.044405,1,completed
T0037,mixed,yaw,-0.336000,-0.184159,0.151841,0.151841,1,completed
T0038,mixed,vx,0.705000,0.659171,-0.045829,0.045829,1,completed
T0038,mixed,vy,0.130370,0.170475,0.040105,0.040105,1,completed
T0038,mixed,yaw,-0.176000,-0.227019,-0.051019,0.051019,1,completed
T0039,mixed,vx,-0.145000,-0.051174,0.093826,0.093826,1,completed
T0039,mixed,vy,-0.225185,-0.194701,0.030484,0.030484,1,completed
T0039,mixed,yaw,-0.016000,0.055708,0.071708,0.071708,1,completed
T0040,mixed,vx,0.535000,0.565458,0.030458,0.030458,1,completed
T0040,mixed,vy,-0.011852,0.030013,0.041865,0.041865,1,completed
T0040,mixed,yaw,0.144000,0.122572,-0.021428,0.021428,1,completed
T0041,mixed,vx,0.195000,0.262568,0.067568,0.067568,1,completed
T0041,mixed,vy,0.201481,0.193903,-0.007579,0.007579,1,completed
T0041,mixed,yaw,0.304000,0.238126,-0.065874,0.065874,1,completed
T0042,mixed,vx,0.875000,0.520722,-0.354278,0.354278,0,excessive_box_tilt
T0042,mixed,vy,-0.154074,-0.178931,-0.024857,0.024857,0,excessive_box_tilt
T0042,mixed,yaw,-0.304000,-0.790980,-0.486980,0.486980,0,excessive_box_tilt
T0043,mixed,vx,-0.357500,-0.278232,0.079268,0.079268,1,completed
T0043,mixed,vy,0.059259,0.071127,0.011867,0.011867,1,completed
T0043,mixed,yaw,-0.144000,-0.171903,-0.027903,0.027903,1,completed
